A25119973741,B25119973741,C25119973741,D25119973741
A25119973742,B25119973742,C25119973742,D25119973742
A25119973743,B25119973743,C25119973743,D25119973743
A25119973744,B25119973744,C25119973744,D25119973744
A25119973745,B25119973745,C25119973745,D25119973745
A25119973746,B25119973746,C25119973746,D25119973746
A25119973747,B25119973747,C25119973747,D25119973747
A25119973748,B25119973748,C25119973748,D25119973748
A25119973749,B25119973749,C25119973749,D25119973749
A25119973750,B25119973750,C25119973750,D25119973750
A25119973751,B25119973751,C25119973751,D25119973751
A25119973752,B25119973752,C25119973752,D25119973752
A25119973753,B25119973753,C25119973753,D25119973753
A25119973754,B25119973754,C25119973754,D25119973754
A25119973755,B25119973755,C25119973755,D25119973755
A25119973756,B25119973756,C25119973756,D25119973756
A25119973757,B25119973757,C25119973757,D25119973757
A25119973758,B25119973758,C25119973758,D25119973758
A25119973759,B25119973759,C25119973759,D25119973759
A25119973760,B25119973760,C25119973760,D25119973760
A25119973761,B25119973761,C25119973761,D25119973761
A25119973762,B25119973762,C25119973762,D25119973762
A25119973763,B25119973763,C25119973763,D25119973763
A25119973764,B25119973764,C25119973764,D25119973764
A25119973765,B25119973765,C25119973765,D25119973765
A25119973766,B25119973766,C25119973766,D25119973766
A25119973767,B25119973767,C25119973767,D25119973767
A25119973768,B25119973768,C25119973768,D25119973768
A25119973769,B25119973769,C25119973769,D25119973769
A25119973770,B25119973770,C25119973770,D25119973770
A25119973771,B25119973771,C25119973771,D25119973771
A25119973772,B25119973772,C25119973772,D25119973772
A25119973773,B25119973773,C25119973773,D25119973773
A25119973774,B25119973774,C25119973774,D25119973774
A25119973775,B25119973775,C25119973775,D25119973775
A25119973776,B25119973776,C25119973776,D25119973776
A25119973777,B25119973777,C25119973777,D25119973777
A25119973778,B25119973778,C25119973778,D25119973778
A25119973779,B25119973779,C25119973779,D25119973779
A25119973780,B25119973780,C25119973780,D25119973780
A25119973781,B25119973781,C25119973781,D25119973781
A25119973782,B25119973782,C25119973782,D25119973782
A25119973783,B25119973783,C25119973783,D25119973783
A25119973784,B25119973784,C25119973784,D25119973784
A25119973785,B25119973785,C25119973785,D25119973785
A25119973786,B25119973786,C25119973786,D25119973786
A25119973787,B25119973787,C25119973787,D25119973787
A25119973788,B25119973788,C25119973788,D25119973788
A25119973789,B25119973789,C25119973789,D25119973789
A25119973790,B25119973790,C25119973790,D25119973790
A25119973791,B25119973791,C25119973791,D25119973791
A25119973792,B25119973792,C25119973792,D25119973792
A25119973793,B25119973793,C25119973793,D25119973793
A25119973794,B25119973794,C25119973794,D25119973794
A25119973795,B25119973795,C25119973795,D25119973795
A25119973796,B25119973796,C25119973796,D25119973796
A25119973797,B25119973797,C25119973797,D25119973797
A25119973798,B25119973798,C25119973798,D25119973798
A25119973799,B25119973799,C25119973799,D25119973799
A25119973800,B25119973800,C25119973800,D25119973800
A25119973801,B25119973801,C25119973801,D25119973801
A25119973802,B25119973802,C25119973802,D25119973802
A25119973803,B25119973803,C25119973803,D25119973803
A25119973804,B25119973804,C25119973804,D25119973804
A25119973805,B25119973805,C25119973805,D25119973805
A25119973806,B25119973806,C25119973806,D25119973806
A25119973807,B25119973807,C25119973807,D25119973807
A25119973808,B25119973808,C25119973808,D25119973808
A25119973809,B25119973809,C25119973809,D25119973809
A25119973810,B25119973810,C25119973810,D25119973810
A25119973811,B25119973811,C25119973811,D25119973811
A25119973812,B25119973812,C25119973812,D25119973812
A25119973813,B25119973813,C25119973813,D25119973813
A25119973814,B25119973814,C25119973814,D25119973814
A25119973815,B25119973815,C25119973815,D25119973815
A25119973816,B25119973816,C25119973816,D25119973816
A25119973817,B25119973817,C25119973817,D25119973817
A25119973818,B25119973818,C25119973818,D25119973818
A25119973819,B25119973819,C25119973819,D25119973819
A25119973820,B25119973820,C25119973820,D25119973820
A25119973821,B25119973821,C25119973821,D25119973821
A25119973822,B25119973822,C25119973822,D25119973822
A25119973823,B25119973823,C25119973823,D25119973823
A25119973824,B25119973824,C25119973824,D25119973824
A25119973825,B25119973825,C25119973825,D25119973825
A25119973826,B25119973826,C25119973826,D25119973826
A25119973827,B25119973827,C25119973827,D25119973827
A25119973828,B25119973828,C25119973828,D25119973828
A25119973829,B25119973829,C25119973829,D25119973829
A25119973830,B25119973830,C25119973830,D25119973830
A25119973831,B25119973831,C25119973831,D25119973831
A25119973832,B25119973832,C25119973832,D25119973832
A25119973833,B25119973833,C25119973833,D25119973833
A25119973834,B25119973834,C25119973834,D25119973834
A25119973835,B25119973835,C25119973835,D25119973835
A25119973836,B25119973836,C25119973836,D25119973836
A25119973837,B25119973837,C25119973837,D25119973837
A25119973838,B25119973838,C25119973838,D25119973838
A25119973839,B25119973839,C25119973839,D25119973839
A25119973840,B25119973840,C25119973840,D25119973840
A25119973841,B25119973841,C25119973841,D25119973841
A25119973842,B25119973842,C25119973842,D25119973842
A25119973843,B25119973843,C25119973843,D25119973843
A25119973844,B25119973844,C25119973844,D25119973844
A25119973845,B25119973845,C25119973845,D25119973845
A25119973846,B25119973846,C25119973846,D25119973846
A25119973847,B25119973847,C25119973847,D25119973847
A25119973848,B25119973848,C25119973848,D25119973848
A25119973849,B25119973849,C25119973849,D25119973849
A25119973850,B25119973850,C25119973850,D25119973850
A25119973851,B25119973851,C25119973851,D25119973851
A25119973852,B25119973852,C25119973852,D25119973852
A25119973853,B25119973853,C25119973853,D25119973853
A25119973854,B25119973854,C25119973854,D25119973854
A25119973855,B25119973855,C25119973855,D25119973855
A25119973856,B25119973856,C25119973856,D25119973856
A25119973857,B25119973857,C25119973857,D25119973857
A25119973858,B25119973858,C25119973858,D25119973858
A25119973859,B25119973859,C25119973859,D25119973859
A25119973860,B25119973860,C25119973860,D25119973860
A25119973861,B25119973861,C25119973861,D25119973861
A25119973862,B25119973862,C25119973862,D25119973862
A25119973863,B25119973863,C25119973863,D25119973863
A25119973864,B25119973864,C25119973864,D25119973864
A25119973865,B25119973865,C25119973865,D25119973865
A25119973866,B25119973866,C25119973866,D25119973866
A25119973867,B25119973867,C25119973867,D25119973867
A25119973868,B25119973868,C25119973868,D25119973868
A25119973869,B25119973869,C25119973869,D25119973869
A25119973870,B25119973870,C25119973870,D25119973870
A25119973871,B25119973871,C25119973871,D25119973871
A25119973872,B25119973872,C25119973872,D25119973872
A25119973873,B25119973873,C25119973873,D25119973873
A25119973874,B25119973874,C25119973874,D25119973874
A25119973875,B25119973875,C25119973875,D25119973875
A25119973876,B25119973876,C25119973876,D25119973876
A25119973877,B25119973877,C25119973877,D25119973877
A25119973878,B25119973878,C25119973878,D25119973878
A25119973879,B25119973879,C25119973879,D25119973879
A25119973880,B25119973880,C25119973880,D25119973880
A25119973881,B25119973881,C25119973881,D25119973881
A25119973882,B25119973882,C25119973882,D25119973882
A25119973883,B25119973883,C25119973883,D25119973883
A25119973884,B25119973884,C25119973884,D25119973884
A25119973885,B25119973885,C25119973885,D25119973885
A25119973886,B25119973886,C25119973886,D25119973886
A25119973887,B25119973887,C25119973887,D25119973887
A25119973888,B25119973888,C25119973888,D25119973888
A25119973889,B25119973889,C25119973889,D25119973889
A25119973890,B25119973890,C25119973890,D25119973890